team,position,total_cap_spend,n_players,avg_cap_per_player,cap_pct
ARI,C,9107500.0,3,3035833.3333333335,3.2619985673352434
ARI,CB,21212561.0,11,1928414.6363636365,7.597622134670487
ARI,EDGE,36948703.0,6,6158117.166666667,13.233776146131806
ARI,IDL,25857426.0,11,2350675.090909091,9.261255730659025
ARI,K,2925000.0,2,1462500.0,1.0476361031518624
ARI,LB,16960491.0,10,1696049.1,6.074674426934097
ARI,LS,1262500.0,1,1262500.0,0.4521848137535816
ARI,OG,17055489.0,7,2436498.4285714286,6.1086994985673355
ARI,OT,13178282.0,5,2635656.4,4.720015042979943
ARI,P,1725000.0,1,1725000.0,0.6178366762177651
ARI,QB,21912500.0,5,4382500.0,7.848316618911174
ARI,RB,22673132.0,6,3778855.3333333335,8.120749283667623
ARI,S,27195767.0,6,4532627.833333333,9.74060422636103
ARI,TE,16829067.0,6,2804844.5,6.027602793696276
ARI,WR,29182426.0,12,2431868.8333333335,10.452158309455587
ATL,C,8380000.0,3,2793333.3333333335,3.0014326647564467
ATL,CB,33010060.0,11,3000914.5454545454,11.823087392550145
ATL,EDGE,20964439.0,9,2329382.111111111,7.508753223495702
ATL,IDL,14622731.0,9,1624747.888888889,5.237367836676218
ATL,K,3260000.0,1,3260000.0,1.167621776504298
ATL,LB,17936398.0,8,2242049.75,6.424211318051576
ATL,LS,2325333.0,2,1162666.5,0.832855659025788
ATL,OG,37125433.0,6,6187572.166666667,13.297074856733524
ATL,OT,27886868.0,8,3485858.5,9.98813323782235
ATL,P,2221666.0,1,2221666.0,0.7957256446991403
ATL,QB,11520719.0,5,2304143.8,4.126332020057307
ATL,RB,12531810.0,5,2506362.0,4.488470630372493
ATL,S,33241905.0,8,4155238.125,11.906126432664758
ATL,TE,25788333.0,5,5157666.6,9.236508954154727
ATL,WR,31010000.0,10,3101000.0,11.1067335243553
BAL,C,5838333.0,4,1459583.25,2.091093481375358
BAL,CB,78040662.0,13,6003127.846153846,27.951526504297995
BAL,EDGE,26894221.0,8,3361777.625,9.63260064469914
BAL,IDL,54759694.0,11,4978154.0,19.613070916905446
BAL,K,1066193.0,1,1066193.0,0.38187428366762177
BAL,LB,40647777.0,6,6774629.5,14.558659383954154
BAL,LS,1455000.0,1,1455000.0,0.5211318051575932
BAL,OG,14020510.0,4,3505127.5,5.021672636103152
BAL,OT,17711751.0,8,2213968.875,6.343750358166189
BAL,P,1830712.0,2,915356.0,0.6556991404011461
BAL,QB,5065000.0,4,1266250.0,1.814111747851003
BAL,RB,13305896.0,6,2217649.3333333335,4.765722063037249
BAL,S,21459041.0,7,3065577.285714286,7.6859029369627505
BAL,TE,12929252.0,5,2585850.4,4.630820916905444
BAL,WR,19868926.0,11,1806266.0,7.116377507163324
BUF,C,8938813.0,4,2234703.25,3.2015805873925505
BUF,CB,21094864.0,10,2109486.4,7.555467048710601
BUF,EDGE,33570742.0,9,3730082.4444444445,12.023904727793697
BUF,FB,890666.0,1,890666.0,0.319006446991404
BUF,IDL,23910904.0,9,2656767.111111111,8.564077363896848
BUF,K,3050000.0,1,3050000.0,1.092406876790831
BUF,LB,14339682.0,7,2048526.0,5.1359892550143265
BUF,LS,1602500.0,1,1602500.0,0.5739613180515759
BUF,OG,7191775.0,4,1797943.75,2.5758506446991403
BUF,OT,32175543.0,7,4596506.142857143,11.524191618911175
BUF,P,2168043.0,2,1084021.5,0.7765196991404011
BUF,QB,47278000.0,3,15759333.333333334,16.933381088825215
BUF,RB,21153297.0,6,3525549.5,7.576395773638968
BUF,S,12477201.0,9,1386355.6666666667,4.468911532951289
BUF,TE,15988627.0,5,3197725.4,5.726585601719197
BUF,WR,37088049.0,13,2852926.846153846,13.283685171919771
CAR,C,4848504.0,3,1616168.0,1.7365702005730659
CAR,CB,27129087.0,10,2712908.7,9.71672170487106
CAR,EDGE,26576010.0,7,3796572.8571428573,9.518628223495702
CAR,IDL,45400056.0,10,4540005.6,16.260765042979944
CAR,K,1010000.0,1,1010000.0,0.36174785100286533
CAR,LB,17996013.0,10,1799601.3,6.445563395415473
CAR,LS,1262500.0,1,1262500.0,0.4521848137535816
CAR,OG,44317934.0,5,8863586.8,15.873185530085959
CAR,OT,51324911.0,8,6415613.875,18.382847779369627
CAR,P,1650000.0,1,1650000.0,0.5909742120343839
CAR,QB,18931614.0,5,3786322.8,6.780664040114613
CAR,RB,14061354.0,6,2343559.0,5.0363015759312315
CAR,S,26601892.0,5,5320378.4,9.527898280802292
CAR,TE,13701301.0,6,2283550.1666666665,4.90734276504298
CAR,WR,22025159.0,13,1694243.0,7.888667263610315
CHI,C,6475000.0,3,2158333.3333333335,2.319126074498567
CHI,CB,52759303.0,11,4796300.2727272725,18.896598495702005
CHI,EDGE,51920079.0,7,7417154.142857143,18.59601683381089
CHI,IDL,30969911.0,8,3871238.875,11.092375
CHI,K,4646666.0,2,2323333.0,1.664278653295129
CHI,LB,27110518.0,10,2711051.8,9.710070916905444
CHI,LS,885000.0,1,885000.0,0.31697707736389685
CHI,OG,38462515.0,6,6410419.166666667,13.77597242120344
CHI,OT,17350508.0,7,2478644.0,6.214365329512894
CHI,P,1261975.0,1,1261975.0,0.45199677650429804
CHI,QB,18607258.0,4,4651814.5,6.664490687679082
CHI,RB,14219207.0,6,2369867.8333333335,5.092839183381089
CHI,S,12294166.0,7,1756309.4285714286,4.403354584527221
CHI,TE,18639471.0,7,2662781.5714285714,6.67602829512894
CHI,WR,20106509.0,11,1827864.4545454546,7.20147170487106
CIN,C,7495544.0,4,1873886.0,2.6846504297994267
CIN,CB,25707968.0,10,2570796.8,9.207724928366762
CIN,EDGE,29340832.0,7,4191547.4285714286,10.508893982808024
CIN,IDL,53035600.0,9,5892844.444444444,18.995558739255014
CIN,K,4983333.0,1,4983333.0,1.7848613896848136
CIN,LB,13065490.0,10,1306549.0,4.67961676217765
CIN,LS,1008333.0,1,1008333.0,0.36115078796561606
CIN,OG,7866614.0,4,1966653.5,2.8175551575931235
CIN,OT,27375822.0,6,4562637.0,9.805093839541547
CIN,P,1075000.0,1,1075000.0,0.385028653295129
CIN,QB,52408117.0,3,17469372.333333332,18.77081554441261
CIN,RB,10733586.0,7,1533369.4285714286,3.844407593123209
CIN,S,19967463.0,7,2852494.714285714,7.151670128939829
CIN,TE,15725343.0,7,2246477.5714285714,5.632286174785101
CIN,WR,66998349.0,13,5153719.153846154,23.996543338108882
CLE,C,2022544.0,2,1011272.0,0.7244068767908309
CLE,CB,43994495.0,10,4399449.5,15.757340616045845
CLE,EDGE,38687808.0,10,3868780.8,13.85666475644699
CLE,IDL,19620548.0,5,3924109.6,7.027416905444126
CLE,K,1005000.0,1,1005000.0,0.35995702005730656
CLE,LB,11303506.0,8,1412938.25,4.0485336676217765
CLE,LS,1075000.0,1,1075000.0,0.385028653295129
CLE,OG,21567091.0,11,1960644.6363636365,7.724602793696275
CLE,OT,15588797.0,5,3117759.4,5.583380014326647
CLE,P,3259166.0,3,1086388.6666666667,1.1673230659025788
CLE,QB,44460587.0,4,11115146.75,15.924279011461318
CLE,RB,9634031.0,8,1204253.875,3.4505841690544417
CLE,S,16323716.0,6,2720619.3333333335,5.846603151862465
CLE,TE,8123980.0,7,1160568.5714285714,2.9097349570200572
CLE,WR,25550242.0,12,2129186.8333333335,9.151232808022923
DAL,C,2882423.0,2,1441211.5,1.0323864613180516
DAL,CB,30274375.0,10,3027437.5,10.84325752148997
DAL,EDGE,16825234.0,9,1869470.4444444445,6.026229942693409
DAL,IDL,42373199.0,8,5296649.875,15.176647206303725
DAL,K,3400000.0,1,3400000.0,1.2177650429799427
DAL,LB,12138008.0,8,1517251.0,4.347424068767909
DAL,LS,1483333.0,1,1483333.0,0.5312797277936963
DAL,OG,24182194.0,6,4030365.6666666665,8.661244269340974
DAL,OT,17357791.0,7,2479684.4285714286,6.216973853868195
DAL,P,4100000.0,1,4100000.0,1.4684813753581663
DAL,QB,47083430.0,3,15694476.666666666,16.863692693409742
DAL,RB,12022492.0,7,1717498.857142857,4.306050143266476
DAL,S,26264096.0,8,3283012.0,9.4069111747851
DAL,TE,16269777.0,6,2711629.5,5.827284025787965
DAL,WR,60821205.0,12,5068433.75,21.784099212034384
DEN,C,5811446.0,3,1937148.6666666667,2.0814634670487107
DEN,CB,37223060.0,11,3383914.5454545454,13.332041547277937
DEN,EDGE,19879200.0,7,2839885.714285714,7.120057306590258
DEN,IDL,40683602.0,9,4520400.222222222,14.571490687679084
DEN,K,2498666.0,1,2498666.0,0.8949376790830946
DEN,LB,24169809.0,9,2685534.3333333335,8.656808381088824
DEN,LS,2302500.0,2,1151250.0,0.8246776504297995
DEN,OG,31541752.0,6,5256958.666666667,11.29718911174785
DEN,OT,40728814.0,7,5818402.0,14.587684097421203
DEN,P,1048570.0,1,1048570.0,0.37556232091690545
DEN,QB,15076318.0,3,5025439.333333333,5.399827363896848
DEN,RB,13663759.0,7,1951965.5714285714,4.893896489971347
DEN,S,28316665.0,7,4045237.8571428573,10.142071991404011
DEN,TE,23196647.0,7,3313806.714285714,8.308254656160459
DEN,WR,34690985.0,12,2890915.4166666665,12.425137893982809
DET,C,5237696.0,3,1745898.6666666667,1.875965616045845
DET,CB,34761036.0,11,3160094.1818181816,12.450227793696275
DET,EDGE,18202359.0,6,3033726.5,6.519469555873926
DET,IDL,42257487.0,11,3841589.727272727,15.135203080229227
DET,K,1075000.0,1,1075000.0,0.385028653295129
DET,LB,21714812.0,8,2714351.5,7.777511461318051
DET,LS,1075334.0,1,1075334.0,0.38514828080229224
DET,OG,7056879.0,6,1176146.5,2.5275354584527223
DET,OT,41198199.0,7,5885457.0,14.75580193409742
DET,P,3975000.0,1,3975000.0,1.4237106017191976
DET,QB,40288333.0,3,13429444.333333334,14.42991869627507
DET,RB,11471842.0,6,1911973.6666666667,4.108825931232092
DET,S,18233104.0,7,2604729.1428571427,6.530481375358166
DET,TE,15205423.0,6,2534237.1666666665,5.446068409742121
DET,WR,51089180.0,11,4644470.909090909,18.298416905444125
GB,C,8828070.0,3,2942690.0,3.1619161891117478
GB,CB,31760482.0,12,2646706.8333333335,11.375530802292264
GB,EDGE,31769033.0,8,3971129.125,11.378593481375358
GB,IDL,32229444.0,11,2929949.4545454546,11.543497134670487
GB,K,4623398.0,3,1541132.6666666667,1.6559448424068768
GB,LB,20125477.0,7,2875068.1428571427,7.208265401146131
GB,OG,16588594.0,6,2764765.6666666665,5.941473495702006
GB,OT,24337768.0,8,3042221.0,8.716965616045846
GB,P,2350000.0,1,2350000.0,0.8416905444126075
GB,QB,40747044.0,4,10186761.0,14.59421346704871
GB,RB,20789061.0,6,3464843.5,7.445938753581662
GB,S,16761802.0,7,2394543.1428571427,6.0035107449856735
GB,TE,12767283.0,7,1823897.5714285714,4.572809097421204
GB,WR,25578588.0,10,2557858.8,9.161385386819484
HOU,C,8275494.0,3,2758498.0,2.964002148997135
HOU,CB,23213184.0,9,2579242.6666666665,8.3141776504298
HOU,EDGE,35430532.0,6,5905088.666666667,12.690018624641834
HOU,IDL,17482764.0,8,2185345.5,6.261734957020057
HOU,K,5788110.0,1,5788110.0,2.073105300859599
HOU,LB,27499279.0,11,2499934.4545454546,9.849311962750717
HOU,LS,1008333.0,1,1008333.0,0.36115078796561606
HOU,OG,14544265.0,7,2077752.142857143,5.209263968481375
HOU,OT,15598093.0,6,2599682.1666666665,5.586709527220631
HOU,P,1895000.0,2,947500.0,0.6787249283667622
HOU,QB,20730517.0,3,6910172.333333333,7.424970272206304
HOU,RB,9501608.0,7,1357372.5714285714,3.403154727793696
HOU,S,17102821.0,7,2443260.1428571427,6.125652220630372
HOU,TE,16763677.0,6,2793946.1666666665,6.004182306590257
HOU,WR,35799357.0,13,2753796.6923076925,12.822119269340973
IND,C,3239968.0,3,1079989.3333333333,1.1604469914040116
IND,CB,42610085.0,9,4734453.888888889,15.26149176217765
IND,EDGE,20963462.0,7,2994780.285714286,7.50840329512894
IND,IDL,47642561.0,8,5955320.125,17.063954512893982
IND,K,2570000.0,2,1285000.0,0.920487106017192
IND,LB,12915793.0,10,1291579.3,4.6260003581661895
IND,OG,28203334.0,5,5640666.8,10.101480659025789
IND,OT,16369620.0,7,2338517.1428571427,5.86304441260745
IND,P,2550000.0,1,2550000.0,0.9133237822349571
IND,QB,31945093.0,4,7986273.25,11.441652220630374
IND,RB,19361913.0,5,3872382.6,6.934782593123209
IND,S,25705868.0,11,2336897.090909091,9.206972779369629
IND,TE,11682265.0,6,1947044.1666666667,4.184192335243553
IND,WR,26872673.0,13,2067128.6923076923,9.62488287965616
JAX,C,5566998.0,2,2783499.0,1.993910458452722
JAX,CB,17984208.0,9,1998245.3333333333,6.441335243553009
JAX,EDGE,40739407.0,9,4526600.777777778,14.591478151862464
JAX,IDL,39697819.0,9,4410868.777777778,14.218416547277938
JAX,K,1109597.0,1,1109597.0,0.3974201289398281
JAX,LB,22865885.0,6,3810980.8333333335,8.189786891117478
JAX,LS,1375000.0,1,1375000.0,0.4924785100286533
JAX,OG,23591925.0,7,3370275.0,8.449829871060171
JAX,OT,30234084.0,7,4319154.857142857,10.828826647564469
JAX,P,2690000.0,1,2690000.0,0.9634670487106016
JAX,QB,28390000.0,4,7097500.0,10.168338108882521
JAX,RB,8580819.0,7,1225831.2857142857,3.073359240687679
JAX,S,13577730.0,7,1939675.7142857143,4.863083810888252
JAX,TE,11023130.0,7,1574732.857142857,3.9481124641833807
JAX,WR,33115821.0,13,2547370.846153846,11.86096740687679
KC,C,20146545.0,3,6715515.0,7.215811246418339
KC,CB,72360055.0,15,4824003.666666667,25.91692514326648
KC,EDGE,17694352.0,7,2527764.5714285714,6.3375186246418345
KC,IDL,8448114.0,6,1408019.0,3.025828796561605
KC,K,7305000.0,1,7305000.0,2.616404011461318
KC,LB,31651746.0,9,3516860.6666666665,11.336585243553008
KC,OG,29556597.0,5,5911319.4,10.586173710601718
KC,OT,27831754.0,7,3975964.8571428573,9.968393266475644
KC,P,1075000.0,1,1075000.0,0.385028653295129
KC,QB,39574010.0,4,9893502.5,14.1740723495702
KC,RB,11621346.0,7,1660192.2857142857,4.162373209169055
KC,S,12312350.0,7,1758907.142857143,4.409867478510029
KC,TE,16600488.0,6,2766748.0,5.945733524355301
KC,WR,18999309.0,13,1461485.3076923077,6.804910100286533
LAC,C,7464317.0,4,1866079.25,2.6734659742120344
LAC,CB,17687410.0,10,1768741.0,6.335032234957021
LAC,EDGE,30959438.0,6,5159906.333333333,11.088623925501432
LAC,IDL,20110365.0,9,2234485.0,7.202852793696275
LAC,K,5725000.0,1,5725000.0,2.0505014326647566
LAC,LB,16798260.0,8,2099782.5,6.01656876790831
LAC,OG,8227594.0,4,2056898.5,2.9468459885386817
LAC,OT,45842195.0,9,5093577.222222222,16.41912428366762
LAC,P,3800000.0,1,3800000.0,1.361031518624642
LAC,QB,49730675.0,3,16576891.666666666,17.811846346704872
LAC,RB,17108557.0,9,1900950.7777777778,6.127706661891118
LAC,S,40199652.0,9,4466628.0,14.398156160458452
LAC,TE,11045175.0,6,1840862.5,3.9560082378223496
LAC,WR,17768971.0,12,1480747.5833333333,6.364244627507164
LAR,C,4079597.0,4,1019899.25,1.461173710601719
LAR,CB,27134363.0,10,2713436.3,9.718611389684813
LAR,EDGE,8410445.0,5,1682089.0,3.012337034383954
LAR,IDL,33086770.0,13,2545136.153846154,11.850562320916906
LAR,K,1005000.0,1,1005000.0,0.35995702005730656
LAR,LB,13059666.0,6,2176611.0,4.677530802292264
LAR,LS,1650000.0,1,1650000.0,0.5909742120343839
LAR,OG,33297978.0,5,6659595.6,11.92620988538682
LAR,OT,31193921.0,6,5198986.833333333,11.172607808022923
LAR,P,1172000.0,1,1172000.0,0.4197707736389685
LAR,QB,51358451.0,4,12839612.75,18.394860673352436
LAR,RB,18610796.0,6,3101799.3333333335,6.6657578796561605
LAR,S,24495775.0,7,3499396.4285714286,8.773558381088826
LAR,TE,21115630.0,8,2639453.75,7.562904727793695
LAR,WR,41728787.0,10,4172878.7,14.945840616045844
LV,C,19766278.0,4,4941569.5,7.079612464183381
LV,CB,22985659.0,9,2553962.111111111,8.23268588825215
LV,EDGE,65036518.0,9,7226279.777777778,23.293881805157593
LV,IDL,15048609.0,9,1672067.6666666667,5.389902936962751
LV,K,2975833.0,2,1487916.5,1.06584276504298
LV,LB,23826385.0,8,2978298.125,8.533805515759314
LV,LS,2033333.0,2,1016666.5,0.7282711318051577
LV,OG,7502874.0,4,1875718.5,2.687275787965616
LV,OT,29086696.0,7,4155242.285714286,10.417871060171919
LV,P,5000000.0,1,5000000.0,1.7908309455587392
LV,QB,6874678.0,4,1718669.5,2.4622772206303725
LV,RB,12332642.0,5,2466528.4,4.417135386819484
LV,S,21528148.0,8,2691018.5,7.710654727793696
LV,TE,14217871.0,7,2031124.4285714286,5.092360673352435
LV,WR,23300782.0,12,1941731.8333333333,8.34555229226361
MIA,C,1898333.0,2,949166.5,0.6799186962750716
MIA,CB,12833255.0,11,1166659.5454545454,4.596438037249284
MIA,EDGE,31577759.0,9,3508639.888888889,11.310085601719198
MIA,FB,885000.0,1,885000.0,0.31697707736389685
MIA,IDL,24140731.0,10,2414073.1,8.646393624641833
MIA,K,2525000.0,2,1262500.0,0.9043696275071632
MIA,LB,25762499.0,9,2862499.888888889,9.227256088825216
MIA,LS,1145000.0,1,1145000.0,0.41010028653295133
MIA,OG,2147500.0,2,1073750.0,0.7691618911174785
MIA,OT,17491987.0,9,1943554.111111111,6.265038323782235
MIA,P,1262500.0,1,1262500.0,0.4521848137535816
MIA,QB,9349207.0,5,1869841.4,3.3485698424068766
MIA,RB,8269464.0,6,1378244.0,2.961842406876791
MIA,S,9475362.0,9,1052818.0,3.393754297994269
MIA,TE,5875500.0,5,1175100.0,2.1044054441260744
MIA,WR,11255822.0,11,1023256.5454545454,4.0314548710601725
MIN,C,2911404.0,3,970468.0,1.042766475644699
MIN,CB,19705548.0,9,2189505.3333333335,7.057861031518625
MIN,EDGE,27401052.0,6,4566842.0,9.814130372492837
MIN,IDL,33077803.0,12,2756483.5833333335,11.84735064469914
MIN,K,1117655.0,1,1117655.0,0.4003062320916906
MIN,LB,46398492.0,12,3866541.0,16.618371060171917
MIN,LS,1487500.0,1,1487500.0,0.5327722063037249
MIN,OG,21004999.0,5,4200999.8,7.523280444126075
MIN,OT,53159007.0,9,5906556.333333333,19.039758954154728
MIN,P,2152500.0,2,1076250.0,0.7709527220630372
MIN,QB,11318732.0,4,2829683.0,4.053987106017192
MIN,RB,18843395.0,5,3768679.0,6.749066977077364
MIN,S,13338792.0,6,2223132.0,4.77750429799427
MIN,TE,29502508.0,6,4917084.666666667,10.566800859598855
MIN,WR,22438346.0,11,2039849.6363636365,8.03665687679083
NE,C,3377446.0,2,1688723.0,1.2096869627507163
NE,CB,41634493.0,11,3784953.909090909,14.912067693409742
NE,EDGE,28732189.0,7,4104598.4285714286,10.290898638968482
NE,IDL,52914787.0,9,5879420.777777778,18.952287607449858
NE,K,1069121.0,1,1069121.0,0.382922994269341
NE,LB,28297218.0,9,3144135.3333333335,10.135106733524356
NE,LS,1030418.0,1,1030418.0,0.369060888252149
NE,OG,24944999.0,6,4157499.8333333335,8.93445522922636
NE,OT,28195960.0,9,3132884.4444444445,10.098839541547278
NE,P,1189614.0,1,1189614.0,0.42607951289398277
NE,QB,12464970.0,3,4154990.0,4.464530802292264
NE,RB,16533989.0,7,2361998.4285714286,5.921915830945559
NE,S,17413143.0,7,2487591.8571428573,6.236799068767908
NE,TE,20402871.0,7,2914695.8571428573,7.307618553008596
NE,WR,28552520.0,11,2595683.6363636362,10.226547277936964
NO,C,10321000.0,1,10321000.0,3.6966332378223496
NO,CB,14990999.0,11,1362818.0909090908,5.369268982808023
NO,EDGE,29548508.0,8,3693563.5,10.583276504297995
NO,IDL,28532193.0,11,2593835.727272727,10.219266833810888
NO,K,1896666.0,2,948333.0,0.6793216332378224
NO,LB,12713660.0,5,2542732.0,4.553603151862464
NO,LS,1600000.0,1,1600000.0,0.5730659025787965
NO,OG,24797420.0,6,4132903.3333333335,8.881597421203438
NO,OT,18047205.0,8,2255900.625,6.463898638968481
NO,P,1875000.0,1,1875000.0,0.6715616045845272
NO,QB,4877240.0,3,1625746.6666666667,1.746862464183381
NO,RB,21356064.0,7,3050866.285714286,7.649020057306591
NO,S,14855243.0,7,2122177.5714285714,5.320645773638969
NO,TE,15829921.0,7,2261417.285714286,5.669742478510028
NO,WR,33477943.0,13,2575226.3846153845,11.990667263610314
NYG,C,5217788.0,2,2608894.0,1.8688352435530087
NYG,CB,45859524.0,10,4585952.4,16.425330945558738
NYG,EDGE,55297248.0,6,9216208.0,19.80560458452722
NYG,IDL,20880061.0,10,2088006.1,7.478531876790831
NYG,K,3098333.0,3,1032777.6666666666,1.109718123209169
NYG,LB,15190792.0,8,1898849.0,5.440828080229227
NYG,LS,1963333.0,2,981666.5,0.7031994985673352
NYG,OG,23233708.0,7,3319101.1428571427,8.321528653295129
NYG,OT,28620227.0,7,4088603.8571428573,10.250797636103153
NYG,P,2655000.0,1,2655000.0,0.9509312320916905
NYG,QB,10083623.0,3,3361207.6666666665,3.6116128223495707
NYG,RB,10869917.0,7,1552845.2857142857,3.8932367478510024
NYG,S,28054768.0,7,4007824.0,10.048269340974212
NYG,TE,10749992.0,5,2149998.4,3.8502836676217767
NYG,WR,38079440.0,12,3173286.6666666665,13.638767908309454
NYJ,C,8993928.0,2,4496964.0,3.2213209169054444
NYJ,CB,27153155.0,10,2715315.5,9.725342048710601
NYJ,EDGE,31747504.0,10,3174750.4,11.370882521489971
NYJ,IDL,20193589.0,8,2524198.625,7.232660816618912
NYJ,K,2030000.0,2,1015000.0,0.7270773638968482
NYJ,LB,22787798.0,8,2848474.75,8.16181876790831
NYJ,LS,2360333.0,2,1180166.5,0.8453914756446992
NYJ,OG,10227901.0,7,1461128.7142857143,3.663288323782235
NYJ,OT,16070974.0,5,3214194.8,5.756079512893983
NYJ,P,1005000.0,1,1005000.0,0.35995702005730656
NYJ,QB,6569669.0,4,1642417.25,2.3530333094555873
NYJ,RB,18793049.0,7,2684721.285714286,6.731034742120344
NYJ,S,18950844.0,8,2368855.5,6.787551575931232
NYJ,TE,11932359.0,5,2386471.8,4.273767550143266
NYJ,WR,22260320.0,12,1855026.6666666667,7.9728939828080225
PHI,C,7499969.0,3,2499989.6666666665,2.6862353151862464
PHI,CB,19764958.0,11,1796814.3636363635,7.079139684813754
PHI,EDGE,19241506.0,9,2137945.111111111,6.89165687679083
PHI,IDL,21415823.0,8,2676977.875,7.670423710601719
PHI,K,4653000.0,1,4653000.0,1.6665472779369628
PHI,LB,17046157.0,8,2130769.625,6.105357091690545
PHI,LS,891666.0,1,891666.0,0.31936461318051573
PHI,OG,14460607.0,5,2892121.4,5.179300501432665
PHI,OT,44969975.0,8,5621246.875,16.106724570200573
PHI,P,1672000.0,1,1672000.0,0.5988538681948424
PHI,QB,35643299.0,4,8910824.75,12.766224570200574
PHI,RB,14775740.0,5,2955148.0,5.292170487106017
PHI,S,7960694.0,7,1137242.0,2.8512514326647564
PHI,TE,18663781.0,8,2332972.625,6.684735315186247
PHI,WR,48793964.0,11,4435814.909090909,17.476348137535815
PIT,C,4275679.0,3,1425226.3333333333,1.531403653295129
PIT,CB,44894121.0,12,3741176.75,16.07955623209169
PIT,EDGE,70151964.0,7,10021709.142857144,25.126061604584528
PIT,IDL,31524879.0,11,2865898.090909091,11.291145773638968
PIT,K,5790000.0,2,2895000.0,2.07378223495702
PIT,LB,29859670.0,6,4976611.666666667,10.694724212034384
PIT,LS,1075000.0,1,1075000.0,0.385028653295129
PIT,OG,12029631.0,7,1718518.7142857143,4.308607091690544
PIT,OT,13159959.0,6,2193326.5,4.713452363896848
PIT,P,1075000.0,1,1075000.0,0.385028653295129
PIT,QB,29074525.0,4,7268631.25,10.41351181948424
PIT,RB,15115525.0,6,2519254.1666666665,5.413869985673352
PIT,S,18315148.0,9,2035016.4444444445,6.55986676217765
PIT,TE,15508251.0,7,2215464.4285714286,5.554531160458453
PIT,WR,50152509.0,9,5572501.0,17.962933022922638
SEA,C,2109115.0,2,1054557.5,0.7554136819484241
SEA,CB,22008118.0,8,2751014.75,7.882563753581662
SEA,EDGE,40753753.0,8,5094219.125,14.596616404011462
SEA,IDL,49050439.0,10,4905043.9,17.56820881088825
SEA,K,7225000.0,1,7225000.0,2.587750716332378
SEA,LB,21706473.0,8,2713309.125,7.7745247134670485
SEA,LS,1395000.0,1,1395000.0,0.4996418338108883
SEA,OG,7358162.0,4,1839540.5,2.635444842406877
SEA,OT,30561105.0,8,3820138.125,10.945954512893982
SEA,P,3800000.0,1,3800000.0,1.361031518624642
SEA,QB,42073656.0,3,14024552.0,15.069361031518625
SEA,RB,13473110.0,10,1347311.0,4.825612464183381
SEA,S,25360716.0,8,3170089.5,9.08335100286533
SEA,TE,8426815.0,6,1404469.1666666667,3.0182002148997134
SEA,WR,45665396.0,13,3512722.769230769,16.355800859598855
SF,C,4025000.0,2,2012500.0,1.4416189111747852
SF,CB,23375265.0,11,2125024.090909091,8.37222958452722
SF,EDGE,36536023.0,8,4567002.875,13.085968123209168
SF,IDL,13405584.0,8,1675698.0,4.801426934097421
SF,K,1951000.0,1,1951000.0,0.6987822349570201
SF,LB,31875048.0,10,3187504.8,11.41656446991404
SF,LS,1262500.0,1,1262500.0,0.4521848137535816
SF,OG,4805113.0,4,1201278.25,1.721029011461318
SF,OT,35795767.0,9,3977307.4444444445,12.820833452722063
SF,P,1150000.0,1,1150000.0,0.41189111747851
SF,QB,28763089.0,4,7190772.25,10.301965974212033
SF,RB,19440211.0,7,2777173.0,6.962826289398281
SF,S,10123716.0,7,1446245.142857143,3.6259727793696275
SF,TE,22763695.0,6,3793949.1666666665,8.153185888252148
SF,WR,36626318.0,13,2817409.076923077,13.118308739255014
TB,C,4710670.0,2,2355335.0,1.6872027220630372
TB,CB,15125362.0,9,1680595.7777777778,5.417393266475645
TB,EDGE,23795077.0,8,2974384.625,8.522592048710601
TB,IDL,45660676.0,12,3805056.3333333335,16.354110315186247
TB,K,3800000.0,1,3800000.0,1.361031518624642
TB,LB,18427802.0,9,2047533.5555555555,6.600215616045846
TB,LS,2175000.0,2,1087500.0,0.7790114613180515
TB,OG,20510598.0,6,3418433.0,7.346202722063038
TB,OT,45824409.0,7,6546344.142857143,16.412753939828082
TB,P,3886666.0,2,1943333.0,1.3920723495702005
TB,QB,44108333.0,5,8821666.6,15.79811353868195
TB,RB,13668221.0,5,2733644.2,4.895494627507163
TB,S,34607005.0,7,4943857.857142857,12.395059097421203
TB,TE,9698769.0,6,1616461.5,3.4737711318051576
TB,WR,46468077.0,10,4646807.7,16.64329405444126
TEN,C,5099695.0,3,1699898.3333333333,1.8265383237822348
TEN,CB,33434919.0,9,3714991.0,11.97525752148997
TEN,EDGE,25033708.0,10,2503370.8,8.966227793696275
TEN,IDL,48944388.0,7,6992055.428571428,17.53022492836676
TEN,K,2000000.0,1,2000000.0,0.7163323782234957
TEN,LB,17124302.0,9,1902700.2222222222,6.133345988538682
TEN,LS,1262500.0,1,1262500.0,0.4521848137535816
TEN,OG,12840026.0,6,2140004.3333333335,4.598863180515759
TEN,OT,38438232.0,7,5491176.0,13.767275071633236
TEN,P,2100000.0,1,2100000.0,0.7521489971346704
TEN,QB,19531053.0,4,4882763.25,6.99536282234957
TEN,RB,17576579.0,6,2929429.8333333335,6.295336318051575
TEN,S,20619846.0,8,2577480.75,7.385331661891118
TEN,TE,10535746.0,6,1755957.6666666667,3.7735479942693413
TEN,WR,46172282.0,13,3551714.0,16.537350286532952
WAS,C,948394.0,1,948394.0,0.339682664756447
WAS,CB,14952687.0,9,1661409.6666666667,5.355546919770774
WAS,EDGE,44694375.0,11,4063125.0,16.008013968481375
WAS,IDL,54847936.0,8,6855992.0,19.644676217765042
WAS,K,2585833.0,2,1292916.5,0.9261579512893983
WAS,LB,30818136.0,8,3852267.0,11.038014326647565
WAS,LS,1508334.0,1,1508334.0,0.5402342406876791
WAS,OG,27839666.0,6,4639944.333333333,9.971227077363896
WAS,OT,22011385.0,6,3668564.1666666665,7.88373388252149
WAS,P,1487500.0,1,1487500.0,0.5327722063037249
WAS,QB,19565705.0,4,4891426.25,7.007773997134671
WAS,RB,7409011.0,6,1234835.1666666667,2.65365723495702
WAS,S,24390196.0,9,2710021.777777778,8.735743553008597
WAS,TE,16212925.0,6,2702154.1666666665,5.806921561604585
WAS,WR,33137570.0,13,2549043.846153846,11.868757163323783
